[
  {
    "id": 1,
    "name": "ساعة يد كلاسيكية",
    "price": 149.99,
    "image": "assets/watch.jpg",
    "tags": [
      "اكسسوارات",
      "ساعات"
    ],
    "desc": "ساعة أنيقة بهيكل معدني وحزام جلدي."
  },
  {
    "id": 2,
    "name": "سماعات بلوتوث",
    "price": 99.0,
    "image": "assets/earbuds.jpg",
    "tags": [
      "الكترونيات",
      "صوت"
    ],
    "desc": "بطارية تدوم 24 ساعة وعزل ضوضاء."
  },
  {
    "id": 3,
    "name": "حقيبة ظهر فاخرة",
    "price": 179.0,
    "image": "assets/bag.jpg",
    "tags": [
      "حقائب",
      "ستايل"
    ],
    "desc": "مقاومة للمطر مع جيوب خفّية."
  },
  {
    "id": 4,
    "name": "قميص قطن 100%",
    "price": 59.5,
    "image": "assets/shirt.jpg",
    "tags": [
      "ملابس"
    ],
    "desc": "مريح للنوم والخروج اليومي."
  },
  {
    "id": 5,
    "name": "لوحة مفاتيح ميكانيكية",
    "price": 229.0,
    "image": "assets/keyboard.jpg",
    "tags": [
      "الكترونيات",
      "ألعاب"
    ],
    "desc": "إضاءة خلفية ومفاتيح سريعة."
  }
]